Tag,Count
python,2220
pytorch,1686
tensorflow,1304
deep-learning,417
machine-learning,324
keras,269
tensorflow2.0,231
neural-network,220
tensor,204
python-3.x,183
conv-neural-network,183
numpy,173
huggingface-transformers,118
tensorflow-datasets,113
tensorflow.js,92
lstm,78
tensorflow-lite,74
gpu,72
torch,72
nlp,69
google-colaboratory,67
javascript,63
computer-vision,58
pytorch-lightning,58
torchvision,49
bert-language-model,44
object-detection,43
recurrent-neural-network,41
pytorch-dataloader,41
loss-function,40
pandas,36
arrays,36
c++,35
autograd,35
dataset,34
tensorflow-federated,34
image-processing,33
classification,31
scikit-learn,29
autoencoder,28
opencv,27
image,27
artificial-intelligence,26
docker,26
conda,26
transformer-model,25
object-detection-api,25
reinforcement-learning,24
android,24
resnet,23
gradient-descent,23
tensorboard,23
jupyter-notebook,22
anaconda,22
onnx,22
node.js,22
mnist,21
dataloader,21
optimization,20
nvidia,20
cuda,20
huggingface-tokenizers,20
indexing,20
tf.keras,19
google-cloud-platform,19
image-classification,18
generative-adversarial-network,18
libtorch,18
backpropagation,17
yolo,16
tensorflow-probability,16
fast-ai,15
r,14
cross-entropy,14
convolution,14
tpu,14
tensorflow-serving,14
matrix-multiplication,14
matrix,13
slice,13
concatenation,13
attention-model,13
image-segmentation,13
cudnn,13
pip,13
amazon-sagemaker,13
pytorch-geometric,13
transfer-learning,12
matplotlib,12
pycharm,11
training-data,11
metrics,11
word-embedding,11
apple-m1,11
jax,11
gradient,11
dropout,11
model,10
vgg-net,10
valueerror,10
semantic-segmentation,10
multidimensional-array,10
macos,10
tf.data.dataset,10
linear-regression,10
react-native,10
performance,10
quantization,10
vectorization,10
huggingface,10
time-series,9
data-augmentation,9
dataframe,9
csv,9
embedding,9
reshape,9
java,9
parallel-processing,9
data-science,9
yolov5,9
regression,8
multiclass-classification,8
typeerror,8
openai-gym,8
linux,8
gradienttape,8
tfrecord,8
automatic-differentiation,8
federated-learning,8
pickle,8
array-broadcasting,8
linear-algebra,8
list,8
keras-layer,7
feature-extraction,7
numpy-ndarray,7
multiprocessing,7
dqn,7
tokenize,7
ragged-tensors,7
reactjs,7
scipy,7
gpt-2,7
batch-normalization,7
onnxruntime,7
normalization,7
amazon-web-services,7
import,7
memory,7
oop,7
language-model,7
validation,6
prediction,6
coreml,6
layer,6
attributeerror,6
pre-trained-model,6
gridsearchcv,6
numpy-slicing,6
html,6
tensorflow-hub,6
visual-studio-code,6
windows,6
tfx,6
out-of-memory,6
ubuntu,6
kotlin,6
bazel,6
python-imaging-library,6
tensorflow2.x,6
c,6
faster-rcnn,6
image-augmentation,6
random,6
cmake,6
bounding-box,6
nan,6
vector,6
torchscript,6
multilabel-classification,5
softmax,5
coremltools,5
dimensions,5
text-classification,5
azure,5
activation-function,5
slurm,5
affinetransform,5
random-seed,5
deeplab,5
albumentations,5
dockerfile,5
sentiment-analysis,5
fastapi,5
named-entity-recognition,5
memory-leaks,5
torchtext,5
iterator,5
torchaudio,5
max-pooling,4
word2vec,4
error-handling,4
seq2seq,4
sequential,4
loss,4
plot,4
loops,4
conv1d,4
dictionary,4
chatbot,4
tensorrt,4
ragged,4
arm,4
typescript,4
protocol-buffers,4
kaggle,4
autodiff,4
jupyter-lab,4
tensorflowjs-converter,4
tensorflow-model-garden,4
distributed-computing,4
derivative,4
miniconda,4
json,4
filter,4
module,4
segmentation-fault,4
sorting,4
multithreading,4
distributed,4
for-loop,4
streamlit,4
regularized,4
precision,4
nvcc,4
speech-recognition,4
class,4
stable-baselines,4
gated-recurrent-unit,4
detectron,4
debugging,4
skorch,4
numpy-einsum,4
parameters,4
ensemble-learning,3
precision-recall,3
c#,3
siamese-network,3
rgb,3
runtime-error,3
one-hot-encoding,3
k-fold,3
relu,3
mlp,3
databricks,3
efficientnet,3
ocr,3
h5py,3
roberta-language-model,3
generator,3
ubuntu-18.04,3
file,3
google-cloud-tpu,3
flutter,3
dart,3
driver,3
angular,3
google-mlkit,3
data-preprocessing,3
tensorflow1.15,3
time,3
arduino,3
esp32,3
predict,3
metal,3
google-chrome-extension,3
math,3
pipeline,3
bodypix,3
docker-compose,3
tensorflow-data-validation,3
librosa,3
tf-agent,3
importerror,3
python-3.7,3
ubuntu-20.04,3
intel,3
python-2.7,3
conditional-statements,3
bayesian,3
sigmoid,3
deconvolution,3
raspberry-pi,3
heroku,3
matrix-indexing,3
floating-point,3
rounding,3
graph-neural-network,3
forecasting,3
string,3
coco,3
multi-gpu,3
scikit-image,3
django,3
dcgan,3
sgd,3
audio,3
knn,3
fft,3
logistic-regression,3
python-multiprocessing,3
graph,3
interpolation,3
langchain,3
jit,3
inference,3
dtype,3
amazon-ec2,3
learning-rate,3
networkx,3
mse,3
google-cloud-vertex-ai,3
flatten,2
similarity,2
functional-api,2
keras-tuner,2
encoding,2
swift,2
wandb,2
azure-databricks,2
.net,2
python-class,2
tkinter,2
grayscale,2
auc,2
cross-validation,2
opencv-python,2
model-fitting,2
keras-rl,2
grid-search,2
data-generation,2
genetic-algorithm,2
image-recognition,2
early-stopping,2
deep-residual-networks,2
evaluation,2
instance,2
oserror,2
yolov4,2
nodes,2
signal-processing,2
nvidia-jetson,2
lookup,2
memory-management,2
tensorly,2
mobilenet,2
face-api,2
ipu,2
sentence-similarity,2
rasa-nlu,2
rasa,2
encoder-decoder,2
ios,2
bash,2
video,2
joblib,2
tf2onnx,2
eager-execution,2
shap,2
shapes,2
pose-estimation,2
npm,2
android-studio,2
cluster-computing,2
grpc,2
compiler-errors,2
convergence,2
image-rotation,2
regex,2
if-statement,2
input,2
output,2
openvino,2
roberta,2
installation,2
single-shot-detector,2
windows-10,2
intel-lpot,2
ctc,2
c-api,2
warnings,2
api,2
data-pipeline,2
openai-api,2
gcloud,2
kubernetes,2
nvidia-docker,2
checkpoint,2
normal-distribution,2
simpletransformers,2
google-cloud-ml,2
image-resizing,2
tensorflow-agents,2
mamba,2
gensim,2
types,2
unet-neural-network,2
serialization,2
tfjs-node,2
vision,2
type-conversion,2
apache-beam,2
server,2
uvicorn,2
google-cloud-dataflow,2
ray,2
confusion-matrix,2
mean-square-error,2
ssh,2
centos,2
gaussian-process,2
spacy,2
padding,2
split,2
darknet,2
probability,2
yaml,2
intel-mkl,2
cpu,2
roboflow,2
gcp-ai-platform-notebook,2
image-preprocessing,2
machine-translation,2
danfojs,2
casting,2
q-learning,2
computation-graph,2
mask,2
allennlp,2
tensorboardx,2
reproducible-research,2
fairseq,2
lambda,2
stable-diffusion,2
mean,2
comparison,2
reticulate,2
matlab,2
numba,2
testing,2
storage,2
flask,2
batchsize,2
custom-training,2
self,2
pruning,2
retinanet,2
sentence-transformers,2
intel-pytorch,2
view,2
higher,2
huggingface-datasets,2
torchserve,2
transformation,2
dynamic-programming,2
in-place,2
iris-dataset,2
densenet,2
adaptive-threshold,1
modulenotfounderror,1
image-generation,1
dashboard,1
plotly-dash,1
online-machine-learning,1
mlxtend,1
sequence,1
missing-data,1
style-transfer,1
masking,1
multiple-input,1
handwriting-recognition,1
weighted,1
auto-keras,1
euclidean-distance,1
channel,1
multi-layer,1
coefficients,1
pool,1
weak-references,1
plaidml,1
spyder,1
lstm-stateful,1
tesseract,1
python-tesseract,1
load,1
unzip,1
hdf5,1
cjk,1
train-test-split,1
mlmodel,1
sequence-to-sequence,1
subplot,1
temporal,1
suppress-warnings,1
suppressmessage,1
machine-learning-model,1
azure-blob-storage,1
virtual-machine,1
distutils,1
configuration,1
directory,1
gradle,1
pylint,1
pylance,1
theano,1
blas,1
google-meet,1
google-dl-platform,1
ml.net,1
object,1
batch-processing,1
detection,1
automl,1
hyperparameters,1
decorator,1
centos7,1
web-worker,1
tsconfig,1
requirements.txt,1
teachable-machine,1
hashtable,1
tcmalloc,1
startup,1
rtx,1
translation,1
opennmt,1
dependencies,1
proto,1
protobuf-python,1
feed-forward,1
sklearn-pandas,1
dask,1
dask-distributed,1
protoc,1
callback,1
cielab,1
activation,1
summary,1
webpack,1
electron,1
webgl,1
vite,1
alpine-linux,1
triangular,1
g++,1
embedded-linux,1
react-native-vision-camera,1
large-data,1
wav,1
statistics,1
quantile-regression,1
collections,1
ordereddictionary,1
quantization-aware-training,1
exponential,1
gdb,1
cuda-gdb,1
netlify,1
boto3,1
apache-spark,1
pyspark,1
apple-silicon,1
anomaly-detection,1
imbalanced-data,1
multicollinearity,1
face-recognition,1
popart,1
poplar,1
ml-studio,1
flatbuffers,1
google-oauth,1
terraform,1
amazon-rds,1
amazon-aurora,1
rllib,1
tensorflow-c++,1
bit-manipulation,1
seaborn,1
heatmap,1
zlib,1
bayesian-deep-learning,1
language-translation,1
google-ai-platform,1
patch,1
multiplication,1
google-cloud-ai-platform-pipelines,1
google-kubernetes-engine,1
tritonserver,1
cmsis,1
firefox-addon,1
metadata,1
blenderbot,1
wget,1
color-space,1
tensorflow-io,1
set,1
elmo,1
google-cloud-ai,1
hpc,1
real-time,1
tensorflow-xla,1
makefile,1
image-masking,1
path,1
7zip,1
xcopy,1
adb,1
gdal,1
lib,1
fasttext,1
arduino-esp32,1
azure-functions,1
replit,1
segformer,1
prefetch,1
multinomial,1
pearson-correlation,1
group-by,1
hashmap,1
self-attention,1
paddleocr,1
mambaforge,1
android-ndk,1
curve-fitting,1
tiff,1
operating-system,1
hidden-files,1
hex,1
physics,1
velocity,1
ddpg,1
taylor-series,1
sudo,1
go,1
buf,1
interrupt,1
arm64,1
xcode,1
core-audio,1
pepper,1
google-cloud-storage,1
google-coral,1
edge-tpu,1
powershell,1
rest,1
apache-beam-io,1
sigkill,1
post-processing,1
pca,1
function,1
return-value,1
macbookpro-touch-bar,1
qsub,1
migration,1
jquery,1
python-3.6,1
computer-science,1
expo,1
ode,1
key,1
jq,1
discord.js,1
adversarial-machines,1
nlg,1
nonlinear-optimization,1
nltk,1
eigenvalue,1
eigenvector,1
ml5.js,1
asynchronous,1
sanic,1
labelimg,1
datetime,1
binary-image,1
colormap,1
google-cloud-automl,1
paramiko,1
svm,1
pydicom,1
medical-imaging,1
lookup-tables,1
numerical-integration,1
rasa-sdk,1
command-line,1
variables,1
gpflow,1
text-to-speech,1
gesture-recognition,1
concurrent.futures,1
eigen,1
yocto,1
coqui,1
arduino-nano,1
xor,1
bitwise-xor,1
pose,1
ajax,1
imageai,1
xgboost,1
mediapipe,1
imblearn,1
smote,1
multiple-gpu,1
overfitting-underfitting,1
reduce,1
xserver,1
webcam,1
quantum-computing,1
tensorflow-quantum,1
cirq,1
google-bigquery,1
johnsnowlabs-spark-nlp,1
shuffle,1
distilbert,1
webassembly,1
random-forest,1
nvidia-jetson-nano,1
imagedata,1
qualcomm,1
snpe,1
sparse-matrix,1
character-encoding,1
github,1
angularjs,1
ionic-framework,1
jupyter,1
intel-tensorflow,1
trax,1
tensorflow-gradient,1
non-maximum-suppression,1
google-codelab,1
tensorflow2,1
axis,1
dot-product,1
joi,1
ngrok,1
alias,1
cluster-analysis,1
encoder,1
dimensionality-reduction,1
autocomplete,1
code-completion,1
powerpc,1
keyerror,1
pattern-recognition,1
tqdm,1
gunicorn,1
scalar,1
syntax,1
difference,1
ddp,1
dll,1
generative-art,1
opencl,1
filtering,1
diagonal,1
profiler,1
chatgpt-api,1
uncertainty,1
top-n,1
celery,1
constructor,1
subclass,1
gaussianblur,1
zarr,1
apex,1
shared-memory,1
index-error,1
duplicates,1
unique,1
asgi,1
mongodb,1
amd,1
state-dict,1
memory-profiling,1
ssl,1
einops,1
complex-numbers,1
determinants,1
bidirectional,1
cosine-similarity,1
type-hinting,1
google-cloud-functions,1
stateless,1
min,1
sign,1
absolute-value,1
caffe2,1
registration,1
terminology,1
mmap,1
variance,1
customization,1
weighted-average,1
inverse,1
super,1
pytorch-distributions,1
geometry,1
cuda-streams,1
object-tracking,1
sockets,1
azure-machine-learning-service,1
unfold,1
naming-conventions,1
cross-correlation,1
advanced-indexing,1
mini-batch,1
environment-variables,1
u8darts,1
ram,1
python-typing,1
google-cloud-run,1
iteration,1
perceptron,1
memory-efficient,1
processing-efficiency,1
virtualenv,1
airflow,1
google-publisher-tag,1
gpt-3,1
wsl-2,1
histogram,1
bin,1
undirected-graph,1
dlib,1
intellij-idea,1
stochastic-gradient,1
arguments,1
numpy-indexing,1
bigdata,1
utf-8,1
utf,1
save,1
aws-lambda,1
kedro,1
stacking-context,1
nameerror,1
windows-11,1
contourf,1
data-manipulation,1
six,1
ipython,1
pairwise,1
zero-padding,1
union,1
differentiation,1
image-formats,1
recommendation-engine,1
boolean,1
linker-errors,1
argmax,1
exception,1
iterable,1
initialization,1
eval,1
racing,1
unsupervised-learning,1
spacy-transformers,1
yolov7,1
intel-python,1
bilstm,1
numpy-memmap,1
standard-error,1
hessian-matrix,1
einsum,1
matmul,1
gpytorch,1
refactoring,1
easyocr,1
runtime,1
dnn9,1
distance,1
cpu-usage,1
facenet,1
mobile,1
printing,1
nvidia-smi,1
vram,1
std,1
image-size,1
motion-blur,1
robustness,1
noise,1
export,1
pycocotools,1
satellite-image,1
pyro.ai,1
cmd,1
terminal,1
batch-file,1
internal-server-error,1
illegalaccessexception,1
pytorch3d,1
stride,1
python-requests,1
julia,1
flux.jl,1
python-poetry,1
cupy,1
neuraxle,1
horovod,1
google-vision,1
tsne,1
visualization,1
package,1
image-compression,1
broadcast,1
data-visualization,1
fork,1
distribution,1
gcc,1
clang,1
object-recognition,1
python-logging,1
imagenet,1
3d,1
pyinstaller,1
logging,1
mxnet,1
matrix-factorization,1
symbol-not-found,1
reverse,1
ssim,1
monk,1
resuming-training,1
mathematical-optimization,1
size,1
multi-level,1
file-read,1
equality,1
pytest,1
normalize,1
svd,1
orthogonal,1
numerical-stability,1
multihead-attention,1
gaussian-mixture-model,1
meta-learning,1
adversarial-attack,1
gradio,1
gnn,1
data-conversion,1
edges,1
batchnorm,1
tensordot,1
rbm,1
caffe,1
bayesian-networks,1
pgmpy,1
compression,1
indices,1
pycaret,1
c++11,1
fortran,1
perplexity,1
modelsummary,1
django-models,1
django-views,1
